title,company,location,link
Jr. Python Developer,OptiFunder,"Maryland Heights, MO",https://www.indeed.com/viewjob?jk=61da247cafaa9163
Python Developer (Junior/Intern),Core Soft Tech,"Sienna Plantation, TX",https://www.indeed.com/viewjob?jk=0ee65d0b3eead954
Python Developer,Applied Software,Remote,https://www.indeed.com/viewjob?jk=7f69ec9fff5b8ee2
Data Engineer,TravelPass Group,"South Jordan, UT",https://www.indeed.com/viewjob?jk=2fd97743b46f158e
Portfolio Analyst,LCS Financial Services Corporation,"Centennial, CO",https://www.indeed.com/viewjob?jk=0d2ad907aaa22fa5
Python Developer,NITR,"San Francisco, CA",https://www.indeed.com/viewjob?jk=3b2efd5878ac1611
Software Engineer,"CSG Actuarial, LLC","Omaha, NE",https://www.indeed.com/viewjob?jk=3772d8327ea6e22a
Data Engineer -Python (Remote),SUCAYA,"McLean, VA",https://www.indeed.com/viewjob?jk=2838000403474b4d
Software Developer,Viaero Wireless,"Fort Morgan, CO",https://www.indeed.com/viewjob?jk=f0340bce26e6aab0
Mid-Level Python Developer,HEXACT,Remote,https://www.indeed.com/viewjob?jk=b38c72a0024ad418
Jr. Python Developer,Dash Technologies Inc,"New York, NY",https://www.indeed.com/viewjob?jk=8546b2d235bd7280
Python Developer Intern,OXO Solutions,"Ruby, SC",https://www.indeed.com/viewjob?jk=84a541c104b5b24c
AWS Developer,CopperHill Consulting LLC,Remote,https://www.indeed.com/viewjob?jk=ad2884295fe3e3b6
UX Developer,Indeed,Remote,https://www.indeed.com/viewjob?jk=7bc6f1b5a6af50e5
GIS Technician,"City of Eagle, Idaho","Eagle, ID",https://www.indeed.com/viewjob?jk=32cc864e04c26e4d
Consumer & Market Intelligence Associate (Wilton or remote),Blue Buffalo Co. Ltd Corporate,"Wilton, CT",https://www.indeed.com/viewjob?jk=8002d83a202f3e25
Python Developer,Software Quality Associates,Rhode Island,https://www.indeed.com/viewjob?jk=602c14c6ab5ecb37
Remote Backend / API Developer (Python & Django),Yeti,"San Francisco, CA",https://www.indeed.com/viewjob?jk=7127d98c19d1ceeb
Python API Developer,Della InfoTech Inc,"Raleigh, NC",https://www.indeed.com/viewjob?jk=fc039b999a7c5d31
Python Developer,"Infinity Consulting Solutions, Inc.","Philadelphia, PA",https://www.indeed.com/viewjob?jk=99e53ddf2abc2128
Quantitative Risk Intern,Gavilon,"Omaha, NE",https://www.indeed.com/viewjob?jk=8df5e6458906eef2
Junior Python Developer,Retail Rebel - KCK,"Kansas City, KS",https://www.indeed.com/viewjob?jk=12d7af6b416abf6f
Site Reliability Engineer II,Indeed,Remote,https://www.indeed.com/viewjob?jk=af75bdbc08c60a10
"Linux Administrator- Omaha, NE",Eckoh,"Omaha, NE",https://www.indeed.com/viewjob?jk=6099a9de2349f18a
Python Engineer,CLARIKA,Remote,https://www.indeed.com/viewjob?jk=0e08e1e323874e40
Entry Level Python Developer,One US Tech Inc,"San Mateo, CA",https://www.indeed.com/viewjob?jk=d794972b581452e6
Jr. Data Scientist,Dash Technologies Inc,"Kansas City, KS",https://www.indeed.com/viewjob?jk=9926d4f7f46b8607
Python Developer,Adven IT Technologies,"Dallas, TX",https://www.indeed.com/viewjob?jk=890214c3f4eb6b6f
Senior Python Developer,Strategic Employment Partners,"New York, NY",https://www.indeed.com/viewjob?jk=cf3bf71458f28382
Software Engineer Apprentice,IBM,"Rochester, MN",https://www.indeed.com/viewjob?jk=0bbf793c453cda7c
Senior Python Developer,Gallup,"Omaha, NE",https://www.indeed.com/viewjob?jk=7e2b8d17368f4735
Entry level Python Developer,Cloudbigdata Technologies,"San Francisco, CA",https://www.indeed.com/viewjob?jk=346b78d48ac037ba
Biomedical R&D Studies Co-Op Intern,Apple,"Santa Clara Valley, CA",https://www.indeed.com/viewjob?jk=f313e9b432ee0fc7
Python Developer,P3,"Des Moines, IA",https://www.indeed.com/viewjob?jk=09e953e4b7644e3e
Junior to Mid Programmer,Airship Syndicate,"Austin, TX",https://www.indeed.com/viewjob?jk=f4b791b3f6b26fdc
Precision Analyst Intern,VIDA,"Coralville, IA",https://www.indeed.com/viewjob?jk=21f65d74ac9b05e4
Junior Software Engineer,Vibrant America,"San Carlos, CA",https://www.indeed.com/viewjob?jk=0438ce93d67abbfc
Spatial Data Analyst,Iowa Soybean Association,"Ankeny, IA",https://www.indeed.com/viewjob?jk=ead54b4ef4033508
Python Developer,rpo international Inc.,"Jersey City, NJ",https://www.indeed.com/viewjob?jk=f879158e25a11385
Computational Biologist,UT Southwestern Medical Center,"Dallas, TX",https://www.indeed.com/viewjob?jk=30e4f8b08d071dd3
Senior Python Developer,Beyond Enterprizes,Remote,https://www.indeed.com/viewjob?jk=5f046ee5dd8c0980
Python Developer,SimpleLegal,Remote,https://www.indeed.com/viewjob?jk=429a93cabe66e24a
Software Engineer - Junior (C++/Python),Boston Dynamics,"Waltham, MA",https://www.indeed.com/viewjob?jk=0fb17bc73ff9274f
PYTHON SOFTWARE TEST ENGINEER,InspiHER Tech,"Chicago, IL",https://www.indeed.com/viewjob?jk=d15a1e7308277686
JUNIOR QUANTITATIVE ANALYST,Los Angeles Dodgers LLC,"Los Angeles, CA",https://www.indeed.com/viewjob?jk=9a2b492405f1be80
Sr. Python Developer,IST Inc.,"Plano, TX",https://www.indeed.com/viewjob?jk=f072e5cfbed276cd
Software Engineer - Atlanta (Multiple Positions),T-Mobile,"Atlanta, GA",https://www.indeed.com/viewjob?jk=3b0584005caaecf3
Python Developer,Captivea,"Orlando, FL",https://www.indeed.com/viewjob?jk=c62af09bfe786319
Python Developer,DataLab USA,"Germantown, MD",https://www.indeed.com/viewjob?jk=cf78ca4f1d8a7a57
Software Engineering Intern,Eventeny,Remote,https://www.indeed.com/viewjob?jk=28879eaacfb55ea6
"Server Engineer, Journeyman",Sabre Systems Inc.,"Patuxent River, MD",https://www.indeed.com/viewjob?jk=8d9eb29288e7d963
Sr. Embedded Software Engineer,"Zoomlion Heavy Industry NA, Inc.","Yorkville, WI",https://www.indeed.com/viewjob?jk=c9dc32a2e243f8db
"Linux Administrator- Omaha, NE",Eckoh,"Omaha, NE",https://www.indeed.com/viewjob?jk=6099a9de2349f18a
BI DEVELOPER - DENVER BASED,Yield Solutions Group LLC,"Denver, CO",https://www.indeed.com/viewjob?jk=a06c47447dab2e55
Software Engineer,"CSG Actuarial, LLC","Omaha, NE",https://www.indeed.com/viewjob?jk=3772d8327ea6e22a
Jr Python Developer,Global Data Management Inc,"Woodbridge, NJ",https://www.indeed.com/viewjob?jk=24185ea11dee3248
Software Engineer,Full Potential Solutions,"Kansas City, MO",https://www.indeed.com/viewjob?jk=71fce00b05ee7bbb
Analyst - Business Insights & Testing,American Eagle Outfitters,"Pittsburgh, PA",https://www.indeed.com/viewjob?jk=87b1251786fbf3ed
Python Developer,Thingbits,"Minneapolis, MN",https://www.indeed.com/viewjob?jk=ae9b820a90a0f303
Nonclinical Data Associate - Remote Possible,Covance,"Madison, WI",https://www.indeed.com/viewjob?jk=95b19271a90f1493
Python Developer,Spire Digital,"Denver, CO",https://www.indeed.com/viewjob?jk=6f1c7fcc5a94a198
Senior Python Developer,Beyond Enterprizes,Remote,https://www.indeed.com/viewjob?jk=5f046ee5dd8c0980
Python Developer,Urbane Systems LLC,"Arlington, VA",https://www.indeed.com/viewjob?jk=be6504015b88278d
Jr. Data Analyst (New Graduates-2021),Deliverr Inc,California,https://www.indeed.com/viewjob?jk=e740847aaad8e65b
Python Software Developer,Carium,"Petaluma, CA",https://www.indeed.com/viewjob?jk=428f4a93370608c9
PYTHON DEVELOPER â€“ DJANGO/FLASK,SpanIdea,"Milpitas, CA",https://www.indeed.com/viewjob?jk=fc324a2ebed84b82
Software Developer,Van Meter Inc.,"Cedar Rapids, IA",https://www.indeed.com/viewjob?jk=dda385cbe15aee1a
Applied Data Scientist,NEHII,"Omaha, NE",https://www.indeed.com/viewjob?jk=bc6888281ed5a629
"""Protected Veteran"" Python Backend Developer",Sean E. Merryman Placements,Remote,https://www.indeed.com/viewjob?jk=776dd9943a1b5297
Application Developer,IDEXX,"Westbrook, ME",https://www.indeed.com/viewjob?jk=97c5365a8ce6e285
PYTHON SOFTWARE TEST ENGINEER,InspiHER Tech,"Chicago, IL",https://www.indeed.com/viewjob?jk=d15a1e7308277686
Jr. Python Developer,Bluestone Analytics,"Charlottesville, VA",https://www.indeed.com/viewjob?jk=496f588320838319
Systems Engineer 1,"Pro-West & Associates, Inc.","Walker, MN",https://www.indeed.com/viewjob?jk=de68d3f1aaa2a5db
Data Scientist - Python - Remote,Speridian Technologies,"Charlotte, NC",https://www.indeed.com/viewjob?jk=2927a6a3839092af
Python Developer (Django),Mako Medical Laboratories,"Raleigh, NC",https://www.indeed.com/viewjob?jk=a542cedd5b8a50a1
Desktop Technician,Home Instead Senior Care,"Omaha, NE",https://www.indeed.com/viewjob?jk=64c1ade1d7408ed3
Intern,HCL America Inc,"Redmond, WA",https://www.indeed.com/viewjob?jk=ed8181172c71e9ba
Portfolio Analyst,LCS Financial Services Corporation,"Centennial, CO",https://www.indeed.com/viewjob?jk=0d2ad907aaa22fa5
Entry Level - Client Facing Technology Support,IBM,California,https://www.indeed.com/viewjob?jk=fbb24db15d376118
Python Developer,Bridge Marketing,Remote,https://www.indeed.com/viewjob?jk=fc259cd3c583181f
"Virtual Technology Security Internships, Spring 2021",HBO,"Atlanta, GA",https://www.indeed.com/viewjob?jk=e9d03f56beb9ed66
Junior Python Developer,Vensit,"Sayreville, NJ",https://www.indeed.com/viewjob?jk=e4eaebc13f80e9b3
Data Analyst,KesarWeb,"Kansas City, MO",https://www.indeed.com/viewjob?jk=d202eccfe55278e6
Data Scientist,HTI Labs,"Omaha, NE",https://www.indeed.com/viewjob?jk=407bdfce2af66518
Data Engineer,TravelPass Group,"South Jordan, UT",https://www.indeed.com/viewjob?jk=2fd97743b46f158e
Full Stack Developer,Red Berry Innovations,"Springfield, NE",https://www.indeed.com/viewjob?jk=b61cfc46dd9ad154
"Investment Analytics & Data (Python, Software Engineering) - Summer 2021",Acadian Asset Management,"Boston, MA",https://www.indeed.com/viewjob?jk=3a2d839b7ed44cf7
I3 MIS Investigations Intern,RiskIQ,Kansas,https://www.indeed.com/viewjob?jk=3b20043a7d7a4594
Junior Quant,Dexterity Capital,"Seattle, WA",https://www.indeed.com/viewjob?jk=e1a750ccc83bd177
"Python developer @ Princeton, NJ",CEDENT,"Princeton, NJ",https://www.indeed.com/viewjob?jk=53fc570881cfca63
New/Developing Equity Trader January 2021,SMB Capital,"New York, NY",https://www.indeed.com/viewjob?jk=276b796a92dbc3c3
Crypto Quantitative Trading Developer,Cointegra,"New York, NY",https://www.indeed.com/viewjob?jk=cf6ac9dff2513e16
Software Engineer (Jr or Physicist),Sigray Inc.,"Concord, CA",https://www.indeed.com/viewjob?jk=4a195d727ad9a7ea
Entry Level Data Analyst,Hopjump,"Cambridge, MA",https://www.indeed.com/viewjob?jk=6ceb169f5c93de6c
"Co-op, Computational Sciences Bioinformatics",Moderna,Remote,https://www.indeed.com/viewjob?jk=94aa43c97fc371df
DevOps Engineers,StackOverdrive.io,"New York, NY",https://www.indeed.com/viewjob?jk=3e38bacccbfdc6fb
Python Developer,Advithri technologies,"Frisco, TX",https://www.indeed.com/viewjob?jk=b70818e474194ce5
Cloud Engineer (Azure),Gallup,"Omaha, NE",https://www.indeed.com/viewjob?jk=e9bfd262360ad292
Data Scientist Winter Intern,Zora Digital,Remote,https://www.indeed.com/viewjob?jk=06fec8499c5317a5
Applied Scientist (Remote),Yelp,Remote,https://www.indeed.com/viewjob?jk=b824a883fa4e55a5
Sports Betting Data Scientist,Line Sniper,Remote,https://www.indeed.com/viewjob?jk=bb1ed3058e870b5c
Fullstack Python Django Developer,The Bridge,"Miami, FL",https://www.indeed.com/viewjob?jk=31e747c0b2ad795f
Python/Django Developer,American Chase,"Portland, OR",https://www.indeed.com/viewjob?jk=d3b47de47fb8e9c1
Hadoop Developer,Amgenium,"Des Moines, IA",https://www.indeed.com/viewjob?jk=c35e08a220471d9c
Associate Security Consultant - Entry Level 2021,"FireEye, Inc.","Dallas, TX",https://www.indeed.com/viewjob?jk=01ba0bacbff22ad6
Python SME Engineer with CI/CD,"Open Systems Technologies, Inc.","Irving, TX",https://www.indeed.com/viewjob?jk=34c87f19b8f4ea9e
Precision Analyst Intern,VIDA,"Coralville, IA",https://www.indeed.com/viewjob?jk=21f65d74ac9b05e4
Senior Penetration Tester (Active Secret Clearance),The ACI Group,"Columbia, MD",https://www.indeed.com/viewjob?jk=468756c31f4f55ed
Python Developer(back-end),"Shinetech Software, Inc.","Los Angeles, CA",https://www.indeed.com/viewjob?jk=2f4d3842bcd6a6bd
